frame,timestamp,count,avg,max,fps,sum_acc,max_acc,total_people,centers_x,centers_y
0,1763923153.5734694,0,0.0,0,0.9721724788045139,0.0,0.0,0,,
1,1763923153.7023182,1,0.5,1,0.9721724788045139,1.0,1.0,1,,
2,1763923153.7479048,1,0.6666666666666666,1,0.9721724788045139,2.0,1.0,2,,
3,1763923153.7934687,1,0.75,1,0.9721724788045139,3.0,1.0,3,,
4,1763923153.83516,0,0.6,1,0.9721724788045139,3.0,1.0,3,,
5,1763923153.8898165,0,0.5,1,0.9721724788045139,3.0,1.0,3,,
6,1763923153.9424956,0,0.42857142857142855,1,0.9721724788045139,3.0,1.0,3,,
7,1763923153.9859319,0,0.375,1,0.9721724788045139,3.0,1.0,3,,
8,1763923154.0306177,0,0.3333333333333333,1,15.221150204063488,3.0,1.0,3,,
9,1763923154.0787973,0,0.3,1,15.221150204063488,3.0,1.0,3,,
10,1763923154.1260512,0,0.2727272727272727,1,15.221150204063488,3.0,1.0,3,,
11,1763923154.1766617,0,0.25,1,15.221150204063488,3.0,1.0,3,,
12,1763923154.2292492,0,0.23076923076923078,1,15.221150204063488,3.0,1.0,3,,
13,1763923154.2754633,0,0.21428571428571427,1,15.221150204063488,3.0,1.0,3,,
14,1763923154.3221452,0,0.2,1,15.221150204063488,3.0,1.0,3,,
15,1763923154.3694901,0,0.1875,1,15.221150204063488,3.0,1.0,3,,
16,1763923154.4146404,0,0.17647058823529413,1,15.221150204063488,3.0,1.0,3,,
17,1763923154.4634163,0,0.16666666666666666,1,15.221150204063488,3.0,1.0,3,,
18,1763923154.510169,0,0.15789473684210525,1,15.221150204063488,3.0,1.0,3,,
19,1763923154.556795,0,0.15,1,20.94890470514785,3.0,1.0,3,,
20,1763923154.596577,0,0.14285714285714285,1,20.94890470514785,3.0,1.0,3,,
21,1763923154.6491282,0,0.13636363636363635,1,20.94890470514785,3.0,1.0,3,,
22,1763923154.6942263,0,0.13043478260869565,1,20.94890470514785,3.0,1.0,3,,
23,1763923154.7422543,1,0.16666666666666666,1,20.94890470514785,4.0,1.0,4,,
24,1763923154.788385,1,0.2,1,20.94890470514785,5.0,1.0,5,,
25,1763923154.8290007,0,0.19230769230769232,1,20.94890470514785,5.0,1.0,5,,
26,1763923154.8760703,0,0.18518518518518517,1,20.94890470514785,5.0,1.0,5,,
27,1763923154.92581,0,0.17857142857142858,1,20.94890470514785,5.0,1.0,5,,
28,1763923154.973713,1,0.20689655172413793,1,20.94890470514785,6.0,1.0,6,,
29,1763923155.0192714,0,0.2,1,20.94890470514785,6.0,1.0,6,,
30,1763923155.0650036,0,0.1935483870967742,1,21.60400675784513,6.0,1.0,6,,
31,1763923155.1127768,1,0.21875,1,21.60400675784513,7.0,1.0,7,,
32,1763923155.1579268,0,0.21212121212121213,1,21.60400675784513,7.0,1.0,7,,
33,1763923155.203462,0,0.20588235294117646,1,21.60400675784513,7.0,1.0,7,,
34,1763923155.2501986,1,0.22857142857142856,1,21.60400675784513,8.0,1.0,8,,
35,1763923155.2964962,0,0.2222222222222222,1,21.60400675784513,8.0,1.0,8,,
36,1763923155.345842,1,0.24324324324324326,1,21.60400675784513,9.0,1.0,9,,
37,1763923155.3892639,0,0.23684210526315788,1,21.60400675784513,9.0,1.0,9,,
38,1763923155.4360611,0,0.23076923076923078,1,21.60400675784513,9.0,1.0,9,,
39,1763923155.4883747,2,0.275,2,21.60400675784513,11.0,1.0,11,,
40,1763923155.5270464,1,0.2926829268292683,2,21.60400675784513,12.0,1.0,12,,
41,1763923155.5831237,3,0.35714285714285715,3,21.23816516362937,15.0,1.0,15,,
42,1763923155.6268134,0,0.3488372093023256,3,21.23816516362937,15.0,1.0,15,,
43,1763923155.6740916,1,0.36363636363636365,3,21.23816516362937,16.0,1.0,16,,
44,1763923155.721473,2,0.4,3,21.23816516362937,18.0,1.0,18,,
45,1763923155.7657628,0,0.391304347826087,3,21.23816516362937,18.0,1.0,18,,
46,1763923155.8124468,0,0.3829787234042553,3,21.23816516362937,18.0,1.0,18,,
47,1763923155.8603218,0,0.375,3,21.23816516362937,18.0,1.0,18,,
48,1763923155.904993,0,0.3673469387755102,3,21.23816516362937,18.0,1.0,18,,
49,1763923155.9520288,1,0.38,3,21.23816516362937,19.0,1.0,19,,
50,1763923155.9980752,0,0.37254901960784315,3,21.23816516362937,19.0,1.0,19,,
51,1763923156.0479255,2,0.40384615384615385,3,21.23816516362937,21.0,1.0,21,,
52,1763923156.093056,1,0.41509433962264153,3,21.555064587157506,22.0,1.0,22,,
53,1763923156.1419258,1,0.42592592592592593,3,21.555064587157506,23.0,1.0,23,,
54,1763923156.1844525,0,0.41818181818181815,3,21.555064587157506,23.0,1.0,23,,
55,1763923156.2311711,0,0.4107142857142857,3,21.555064587157506,23.0,1.0,23,,
56,1763923156.277319,0,0.40350877192982454,3,21.555064587157506,23.0,1.0,23,,
57,1763923156.3224099,0,0.39655172413793105,3,21.555064587157506,23.0,1.0,23,,
58,1763923156.3702419,0,0.3898305084745763,3,21.555064587157506,23.0,1.0,23,,
59,1763923156.416229,0,0.38333333333333336,3,21.555064587157506,23.0,1.0,23,,
60,1763923156.464577,0,0.3770491803278688,3,21.555064587157506,23.0,1.0,23,,
61,1763923156.5077565,1,0.3870967741935484,3,21.555064587157506,24.0,1.0,24,,
62,1763923156.5562167,0,0.38095238095238093,3,21.555064587157506,24.0,1.0,24,,
63,1763923156.6113484,0,0.375,3,21.26383980502877,24.0,1.0,24,,
64,1763923156.6522954,1,0.38461538461538464,3,21.26383980502877,25.0,1.0,25,,
65,1763923156.6985636,1,0.3939393939393939,3,21.26383980502877,26.0,1.0,26,,
66,1763923156.7444096,0,0.3880597014925373,3,21.26383980502877,26.0,1.0,26,,
67,1763923156.792066,3,0.4264705882352941,3,21.26383980502877,29.0,1.0,29,,
68,1763923156.8412216,1,0.43478260869565216,3,21.26383980502877,30.0,1.0,30,,
69,1763923156.8829894,2,0.45714285714285713,3,21.26383980502877,32.0,1.0,32,,
70,1763923156.9308746,0,0.4507042253521127,3,21.26383980502877,32.0,1.0,32,,
71,1763923156.9757574,0,0.4444444444444444,3,21.26383980502877,32.0,1.0,32,,
72,1763923157.0229738,0,0.4383561643835616,3,21.26383980502877,32.0,1.0,32,,
73,1763923157.069494,0,0.43243243243243246,3,21.26383980502877,32.0,1.0,32,,
74,1763923157.1173403,1,0.44,3,21.72596397445098,33.0,1.0,33,,
75,1763923157.1660407,1,0.4473684210526316,3,21.72596397445098,34.0,1.0,34,,
76,1763923157.212932,2,0.4675324675324675,3,21.72596397445098,36.0,1.0,36,,
77,1763923157.2583182,2,0.48717948717948717,3,21.72596397445098,38.0,1.0,38,,
78,1763923157.303295,1,0.4936708860759494,3,21.72596397445098,39.0,1.0,39,,
79,1763923157.3494174,2,0.5125,3,21.72596397445098,41.0,1.0,41,,
80,1763923157.3976233,2,0.5308641975308642,3,21.72596397445098,43.0,1.0,43,,
81,1763923157.4456656,2,0.5487804878048781,3,21.72596397445098,45.0,1.0,45,,
82,1763923157.5010712,3,0.5783132530120482,3,21.72596397445098,48.0,1.0,48,,
83,1763923157.5428631,3,0.6071428571428571,3,21.72596397445098,51.0,1.0,51,,
84,1763923157.5861456,4,0.6470588235294118,4,21.72596397445098,55.0,2.0,55,,
85,1763923157.634371,4,0.686046511627907,4,21.243709860706176,59.0,2.0,59,,
86,1763923157.6811304,4,0.7241379310344828,4,21.243709860706176,63.0,3.0,63,,
87,1763923157.7267632,4,0.7613636363636364,4,21.243709860706176,67.0,3.0,67,,
88,1763923157.7724786,2,0.7752808988764045,4,21.243709860706176,69.0,3.0,69,,
89,1763923157.8177626,2,0.7888888888888889,4,21.243709860706176,71.0,3.0,71,,
90,1763923157.863112,3,0.8131868131868132,4,21.243709860706176,74.0,3.0,74,,
91,1763923157.9109674,3,0.8369565217391305,4,21.243709860706176,77.0,3.0,77,,
92,1763923157.9622324,3,0.8602150537634409,4,21.243709860706176,80.0,3.0,80,,
93,1763923158.004709,3,0.8829787234042553,4,21.243709860706176,83.0,3.0,83,,
94,1763923158.0505679,3,0.9052631578947369,4,21.243709860706176,86.0,3.0,86,,
95,1763923158.0982912,3,0.9270833333333334,4,21.243709860706176,89.0,3.0,89,,
96,1763923158.144671,3,0.9484536082474226,4,21.551379456438625,92.0,3.0,92,,
97,1763923158.19052,3,0.9693877551020408,4,21.551379456438625,95.0,3.0,95,,
98,1763923158.2368639,3,0.98989898989899,4,21.551379456438625,98.0,3.0,98,,
99,1763923158.2840314,3,1.01,4,21.551379456438625,101.0,3.0,101,,
100,1763923158.3305037,3,1.0297029702970297,4,21.551379456438625,104.0,3.0,104,,
101,1763923158.377096,3,1.0490196078431373,4,21.551379456438625,107.0,3.0,107,,
102,1763923158.4230864,3,1.0679611650485437,4,21.551379456438625,110.0,3.0,110,,
103,1763923158.474529,3,1.0865384615384615,4,21.551379456438625,113.0,3.0,113,,
104,1763923158.5261395,3,1.1047619047619048,4,21.551379456438625,116.0,3.0,116,,
105,1763923158.581774,3,1.1226415094339623,4,21.551379456438625,119.0,3.0,119,,
106,1763923158.628584,3,1.1401869158878504,4,21.551379456438625,122.0,3.0,122,,
107,1763923158.676319,3,1.1574074074074074,4,20.688139507249563,125.0,3.0,125,,
108,1763923158.7196178,3,1.1743119266055047,4,20.688139507249563,128.0,3.0,128,,
109,1763923158.7657769,3,1.190909090909091,4,20.688139507249563,131.0,3.0,131,,
110,1763923158.8134155,3,1.2072072072072073,4,20.688139507249563,134.0,3.0,134,,
111,1763923158.8604171,3,1.2232142857142858,4,20.688139507249563,137.0,3.0,137,,
112,1763923158.9088714,4,1.247787610619469,4,20.688139507249563,141.0,3.0,141,,
113,1763923158.9555788,4,1.2719298245614035,4,20.688139507249563,145.0,3.0,145,,
114,1763923159.0025513,5,1.3043478260869565,5,20.688139507249563,150.0,3.0,150,,
115,1763923159.0457494,4,1.3275862068965518,5,20.688139507249563,154.0,3.0,154,,
116,1763923159.0918593,4,1.3504273504273505,5,20.688139507249563,158.0,3.0,158,,
117,1763923159.140139,4,1.3728813559322033,5,20.688139507249563,162.0,3.0,162,,
118,1763923159.1856015,4,1.3949579831932772,5,21.60599982672995,166.0,3.0,166,,
119,1763923159.2321832,4,1.4166666666666667,5,21.60599982672995,170.0,3.0,170,,
120,1763923159.2866733,4,1.43801652892562,5,21.60599982672995,174.0,3.0,174,,
121,1763923159.3401182,4,1.459016393442623,5,21.60599982672995,178.0,3.0,178,,
122,1763923159.3855793,4,1.4796747967479675,5,21.60599982672995,182.0,3.0,182,,
123,1763923159.4323237,4,1.5,5,21.60599982672995,186.0,3.0,186,,
124,1763923159.480914,3,1.512,5,21.60599982672995,189.0,3.0,189,,
125,1763923159.5259247,4,1.5317460317460319,5,21.60599982672995,193.0,3.0,193,,
126,1763923159.5757391,4,1.5511811023622046,5,21.60599982672995,197.0,3.0,197,,
127,1763923159.61946,4,1.5703125,5,21.60599982672995,201.0,3.0,201,,
128,1763923159.6705978,4,1.5891472868217054,5,21.60599982672995,205.0,3.0,205,,
129,1763923159.7117178,4,1.6076923076923078,5,20.89741964968763,209.0,3.0,209,,
130,1763923159.7590673,4,1.6259541984732824,5,20.89741964968763,213.0,3.0,213,,
131,1763923159.8044713,3,1.6363636363636365,5,20.89741964968763,216.0,3.0,216,,
132,1763923159.8529058,4,1.6541353383458646,5,20.89741964968763,220.0,3.0,220,,
133,1763923159.899246,4,1.671641791044776,5,20.89741964968763,224.0,3.0,224,,
134,1763923159.943889,4,1.6888888888888889,5,20.89741964968763,228.0,3.0,228,,
135,1763923159.988801,4,1.7058823529411764,5,20.89741964968763,232.0,3.0,232,,
136,1763923160.0386527,4,1.7226277372262773,5,20.89741964968763,236.0,3.0,236,,
137,1763923160.0870676,4,1.7391304347826086,5,20.89741964968763,240.0,3.0,240,,
138,1763923160.1348894,4,1.7553956834532374,5,20.89741964968763,244.0,3.0,244,,
139,1763923160.1752338,4,1.7714285714285714,5,20.89741964968763,248.0,3.0,248,,
140,1763923160.220291,4,1.7872340425531914,5,21.63963385920577,252.0,3.0,252,,
141,1763923160.2677598,4,1.8028169014084507,5,21.63963385920577,256.0,3.0,256,,
142,1763923160.314956,4,1.8181818181818181,5,21.63963385920577,260.0,3.0,260,,
143,1763923160.3639798,4,1.8333333333333333,5,21.63963385920577,264.0,3.0,264,,
144,1763923160.411597,4,1.8482758620689654,5,21.63963385920577,268.0,3.0,268,,
145,1763923160.456667,4,1.8630136986301369,5,21.63963385920577,272.0,3.0,272,,
146,1763923160.503414,4,1.8775510204081634,5,21.63963385920577,276.0,3.0,276,,
147,1763923160.5509477,4,1.8918918918918919,5,21.63963385920577,280.0,3.0,280,,
148,1763923160.6004243,4,1.9060402684563758,5,21.63963385920577,284.0,3.0,284,,
149,1763923160.6419513,4,1.92,5,21.63963385920577,288.0,3.0,288,,
150,1763923160.6932008,4,1.9337748344370862,5,21.63963385920577,292.0,3.0,292,,
151,1763923160.7334762,4,1.9473684210526316,5,21.433419942218418,296.0,3.0,296,,
152,1763923160.7799306,3,1.9542483660130718,5,21.433419942218418,299.0,3.0,299,,
153,1763923160.826215,3,1.9610389610389611,5,21.433419942218418,302.0,3.0,302,,
154,1763923160.874227,3,1.967741935483871,5,21.433419942218418,305.0,3.0,305,,
155,1763923160.9211566,4,1.9807692307692308,5,21.433419942218418,309.0,3.0,309,,
156,1763923160.9617803,4,1.9936305732484076,5,21.433419942218418,313.0,3.0,313,,
157,1763923161.0016103,4,2.0063291139240507,5,21.433419942218418,317.0,3.0,317,,
158,1763923161.0451229,4,2.018867924528302,5,21.433419942218418,321.0,3.0,321,,
159,1763923161.0940347,4,2.03125,5,21.433419942218418,325.0,3.0,325,,
160,1763923161.1361098,4,2.0434782608695654,5,21.433419942218418,329.0,3.0,329,,
161,1763923161.1838286,4,2.0555555555555554,5,21.433419942218418,333.0,3.0,333,,
162,1763923161.228557,4,2.067484662576687,5,21.433419942218418,337.0,3.0,337,,
163,1763923161.278132,4,2.0792682926829267,5,22.065412841623484,341.0,3.0,341,,
164,1763923161.324505,4,2.090909090909091,5,22.065412841623484,345.0,3.0,345,,
165,1763923161.3708892,4,2.102409638554217,5,22.065412841623484,349.0,3.0,349,,
166,1763923161.4249406,4,2.1137724550898205,5,22.065412841623484,353.0,3.0,353,,
167,1763923161.4784553,4,2.125,5,22.065412841623484,357.0,3.0,357,,
168,1763923161.5269217,4,2.136094674556213,5,22.065412841623484,361.0,3.0,361,,
169,1763923161.5750344,3,2.1411764705882352,5,22.065412841623484,364.0,3.0,364,,
170,1763923161.6188447,4,2.152046783625731,5,22.065412841623484,368.0,3.0,368,,
171,1763923161.666195,4,2.1627906976744184,5,22.065412841623484,372.0,4.0,372,,
172,1763923161.7127926,4,2.1734104046242773,5,22.065412841623484,376.0,5.0,376,,
173,1763923161.7584953,4,2.1839080459770117,5,22.065412841623484,380.0,5.0,380,,
174,1763923161.805435,4,2.1942857142857144,5,20.82170781229057,384.0,5.0,384,,
175,1763923161.8513188,4,2.2045454545454546,5,20.82170781229057,388.0,5.0,388,,
176,1763923161.898064,4,2.214689265536723,5,20.82170781229057,392.0,6.0,392,,
177,1763923161.9451983,4,2.2247191011235956,5,20.82170781229057,396.0,6.0,396,,
178,1763923161.9904993,3,2.2290502793296088,5,20.82170781229057,399.0,6.0,399,,
179,1763923162.0380156,3,2.2333333333333334,5,20.82170781229057,402.0,6.0,402,,
180,1763923162.0839906,4,2.2430939226519335,5,20.82170781229057,406.0,6.0,406,,
181,1763923162.129338,3,2.2472527472527473,5,20.82170781229057,409.0,6.0,409,,
182,1763923162.1770124,3,2.251366120218579,5,20.82170781229057,412.0,6.0,412,,
183,1763923162.223171,3,2.255434782608696,5,20.82170781229057,415.0,6.0,415,,
184,1763923162.2713,3,2.2594594594594595,5,20.82170781229057,418.0,6.0,418,,
185,1763923162.3178265,3,2.263440860215054,5,21.471983126722243,421.0,6.0,421,,
186,1763923162.3625224,3,2.267379679144385,5,21.471983126722243,424.0,6.0,424,,
187,1763923162.4076786,3,2.271276595744681,5,21.471983126722243,427.0,6.0,427,,
188,1763923162.4550176,3,2.2751322751322753,5,21.471983126722243,430.0,6.0,430,,
189,1763923162.5051513,3,2.278947368421053,5,21.471983126722243,433.0,6.0,433,,
190,1763923162.5492551,3,2.282722513089005,5,21.471983126722243,436.0,6.0,436,,
191,1763923162.5971148,3,2.2864583333333335,5,21.471983126722243,439.0,6.0,439,,
192,1763923162.6435041,3,2.290155440414508,5,21.471983126722243,442.0,6.0,442,,
193,1763923162.6890495,3,2.2938144329896906,5,21.471983126722243,445.0,6.0,445,,
194,1763923162.7377203,3,2.2974358974358973,5,21.471983126722243,448.0,6.0,448,,
195,1763923162.7834663,3,2.3010204081632653,5,21.471983126722243,451.0,6.0,451,,
196,1763923162.8304949,3,2.3045685279187818,5,21.447209354756986,454.0,6.0,454,,
197,1763923162.8750677,3,2.308080808080808,5,21.447209354756986,457.0,6.0,457,,
198,1763923162.9227185,3,2.3115577889447234,5,21.447209354756986,460.0,7.0,460,,
199,1763923162.9684849,3,2.315,5,21.447209354756986,463.0,7.0,463,,
200,1763923163.0162435,3,2.318407960199005,5,21.447209354756986,466.0,7.0,466,,
201,1763923163.0612748,3,2.3217821782178216,5,21.447209354756986,469.0,7.0,469,,
202,1763923163.1087143,3,2.3251231527093594,5,21.447209354756986,472.0,7.0,472,,
203,1763923163.153322,3,2.3284313725490198,5,21.447209354756986,475.0,8.0,475,,
204,1763923163.201945,3,2.3317073170731706,5,21.447209354756986,478.0,8.0,478,,
205,1763923163.2490811,3,2.3349514563106797,5,21.447209354756986,481.0,8.0,481,,
206,1763923163.2938316,3,2.3381642512077296,5,21.447209354756986,484.0,8.0,484,,
207,1763923163.3416314,3,2.3413461538461537,5,21.524423742983398,487.0,8.0,487,,
208,1763923163.3883488,3,2.3444976076555024,5,21.524423742983398,490.0,8.0,490,,
209,1763923163.4368308,3,2.3476190476190477,5,21.524423742983398,493.0,8.0,493,,
210,1763923163.4809368,3,2.3507109004739335,5,21.524423742983398,496.0,8.0,496,,
211,1763923163.528756,3,2.3537735849056602,5,21.524423742983398,499.0,9.0,499,,
212,1763923163.5751512,3,2.356807511737089,5,21.524423742983398,502.0,9.0,502,,
213,1763923163.619413,3,2.3598130841121496,5,21.524423742983398,505.0,9.0,505,,
214,1763923163.666482,3,2.3627906976744186,5,21.524423742983398,508.0,9.0,508,,
215,1763923163.7131152,3,2.365740740740741,5,21.524423742983398,511.0,9.0,511,,
216,1763923163.7610548,3,2.3686635944700463,5,21.524423742983398,514.0,9.0,514,,
217,1763923163.805747,3,2.371559633027523,5,21.524423742983398,517.0,9.0,517,,
218,1763923163.8502593,3,2.374429223744292,5,21.634083473731643,520.0,9.0,520,,
219,1763923163.8955522,3,2.3772727272727274,5,21.634083473731643,523.0,9.0,523,,
220,1763923163.9413846,3,2.3800904977375565,5,21.634083473731643,526.0,9.0,526,,
221,1763923163.9880152,3,2.3828828828828827,5,21.634083473731643,529.0,9.0,529,,
222,1763923164.0348012,3,2.3856502242152464,5,21.634083473731643,532.0,9.0,532,,
223,1763923164.080752,3,2.388392857142857,5,21.634083473731643,535.0,9.0,535,,
224,1763923164.1277735,3,2.391111111111111,5,21.634083473731643,538.0,9.0,538,,
225,1763923164.17368,3,2.393805309734513,5,21.634083473731643,541.0,9.0,541,,
226,1763923164.2203434,3,2.39647577092511,5,21.634083473731643,544.0,9.0,544,,
227,1763923164.266948,3,2.3991228070175437,5,21.634083473731643,547.0,9.0,547,,
228,1763923164.31257,3,2.4017467248908297,5,21.634083473731643,550.0,9.0,550,,
229,1763923164.3600965,3,2.4043478260869566,5,21.58259184707381,553.0,9.0,553,,
230,1763923164.4033396,3,2.406926406926407,5,21.58259184707381,556.0,9.0,556,,
231,1763923164.450559,3,2.4094827586206895,5,21.58259184707381,559.0,9.0,559,,
232,1763923164.5002034,3,2.412017167381974,5,21.58259184707381,562.0,9.0,562,,
233,1763923164.5467105,3,2.4145299145299144,5,21.58259184707381,565.0,9.0,565,,
234,1763923164.5941696,3,2.4170212765957446,5,21.58259184707381,568.0,9.0,568,,
235,1763923164.6404135,3,2.419491525423729,5,21.58259184707381,571.0,9.0,571,,
236,1763923164.6873007,3,2.4219409282700424,5,21.58259184707381,574.0,9.0,574,,
237,1763923164.732394,3,2.4243697478991595,5,21.58259184707381,577.0,9.0,577,,
238,1763923164.780262,3,2.426778242677824,5,21.58259184707381,580.0,9.0,580,,
239,1763923164.8266716,3,2.4291666666666667,5,21.58259184707381,583.0,9.0,583,,
240,1763923164.8728862,4,2.4356846473029043,5,21.445295312766543,587.0,9.0,587,,
241,1763923164.9195602,4,2.4421487603305785,5,21.445295312766543,591.0,9.0,591,,
242,1763923164.9674184,3,2.4444444444444446,5,21.445295312766543,594.0,9.0,594,,
243,1763923165.0116146,3,2.44672131147541,5,21.445295312766543,597.0,9.0,597,,
244,1763923165.0568075,3,2.4489795918367347,5,21.445295312766543,600.0,9.0,600,,
245,1763923165.103219,3,2.451219512195122,5,21.445295312766543,603.0,9.0,603,,
246,1763923165.1490898,3,2.4534412955465585,5,21.445295312766543,606.0,9.0,606,,
247,1763923165.1960225,3,2.4556451612903225,5,21.445295312766543,609.0,9.0,609,,
248,1763923165.2424958,3,2.4578313253012047,5,21.445295312766543,612.0,9.0,612,,
249,1763923165.289706,3,2.46,5,21.445295312766543,615.0,9.0,615,,
250,1763923165.3347847,3,2.462151394422311,5,21.445295312766543,618.0,9.0,618,,
251,1763923165.3822157,3,2.4642857142857144,5,21.59808030978692,621.0,9.0,621,,
252,1763923165.4315114,3,2.466403162055336,5,21.59808030978692,624.0,9.0,624,,
253,1763923165.4752116,3,2.468503937007874,5,21.59808030978692,627.0,9.0,627,,
254,1763923165.5239477,3,2.4705882352941178,5,21.59808030978692,630.0,9.0,630,,
255,1763923165.5710244,4,2.4765625,5,21.59808030978692,634.0,9.0,634,,
256,1763923165.615076,3,2.4785992217898833,5,21.59808030978692,637.0,9.0,637,,
257,1763923165.662854,3,2.4806201550387597,5,21.59808030978692,640.0,9.0,640,,
258,1763923165.707886,3,2.4826254826254828,5,21.59808030978692,643.0,9.0,643,,
259,1763923165.7527988,3,2.4846153846153847,5,21.59808030978692,646.0,9.0,646,,
260,1763923165.8023915,3,2.4865900383141764,5,21.59808030978692,649.0,9.0,649,,
261,1763923165.846926,3,2.4885496183206106,5,21.59808030978692,652.0,9.0,652,,
262,1763923165.9003336,3,2.4904942965779466,5,21.237080032589333,655.0,9.0,655,,
263,1763923165.9400046,3,2.492424242424242,5,21.237080032589333,658.0,9.0,658,,
264,1763923165.9888809,3,2.4943396226415095,5,21.237080032589333,661.0,9.0,661,,
265,1763923166.0374575,3,2.4962406015037595,5,21.237080032589333,664.0,9.0,664,,
266,1763923166.082978,3,2.49812734082397,5,21.237080032589333,667.0,9.0,667,,
267,1763923166.1314101,3,2.5,5,21.237080032589333,670.0,9.0,670,,
268,1763923166.1777227,3,2.5018587360594795,5,21.237080032589333,673.0,9.0,673,,
269,1763923166.2224052,3,2.5037037037037035,5,21.237080032589333,676.0,9.0,676,,
270,1763923166.2714977,3,2.5055350553505535,5,21.237080032589333,679.0,9.0,679,,
271,1763923166.3179438,3,2.5073529411764706,5,21.237080032589333,682.0,9.0,682,,
272,1763923166.3668153,3,2.509157509157509,5,21.237080032589333,685.0,9.0,685,,
273,1763923166.4125173,3,2.510948905109489,5,21.46140585417498,688.0,9.0,688,,
274,1763923166.4636571,3,2.5127272727272727,5,21.46140585417498,691.0,9.0,691,,
275,1763923166.5091183,3,2.5144927536231885,5,21.46140585417498,694.0,9.0,694,,
276,1763923166.5543303,3,2.5162454873646207,5,21.46140585417498,697.0,9.0,697,,
277,1763923166.5985065,3,2.5179856115107913,5,21.46140585417498,700.0,9.0,700,,
278,1763923166.6483915,3,2.5197132616487457,5,21.46140585417498,703.0,9.0,703,,
279,1763923166.6971395,3,2.5214285714285714,5,21.46140585417498,706.0,9.0,706,,
280,1763923166.7402644,3,2.5231316725978647,5,21.46140585417498,709.0,9.0,709,,
281,1763923166.7858424,3,2.524822695035461,5,21.46140585417498,712.0,9.0,712,,
282,1763923166.8329442,3,2.5265017667844525,5,21.46140585417498,715.0,9.0,715,,
283,1763923166.8834655,3,2.528169014084507,5,21.46140585417498,718.0,9.0,718,,
284,1763923166.9251084,3,2.5298245614035086,5,21.463372697520683,721.0,9.0,721,,
285,1763923166.973228,4,2.534965034965035,5,21.463372697520683,725.0,9.0,725,,
286,1763923167.0186818,4,2.5400696864111496,5,21.463372697520683,729.0,9.0,729,,
287,1763923167.0642133,4,2.545138888888889,5,21.463372697520683,733.0,9.0,733,,
288,1763923167.1108928,4,2.550173010380623,5,21.463372697520683,737.0,9.0,737,,
289,1763923167.1574667,4,2.5551724137931036,5,21.463372697520683,741.0,9.0,741,,
290,1763923167.2045858,4,2.5601374570446733,5,21.463372697520683,745.0,9.0,745,,
291,1763923167.2501292,3,2.5616438356164384,5,21.463372697520683,748.0,9.0,748,,
292,1763923167.3013687,3,2.5631399317406145,5,21.463372697520683,751.0,9.0,751,,
293,1763923167.3450668,3,2.564625850340136,5,21.463372697520683,754.0,9.0,754,,
294,1763923167.394383,3,2.5661016949152544,5,21.463372697520683,757.0,9.0,757,,
295,1763923167.4382882,3,2.5675675675675675,5,21.426651291594315,760.0,9.0,760,,
296,1763923167.4887645,3,2.569023569023569,5,21.426651291594315,763.0,9.0,763,,
297,1763923167.53054,3,2.5704697986577183,5,21.426651291594315,766.0,9.0,766,,
298,1763923167.57695,3,2.57190635451505,5,21.426651291594315,769.0,9.0,769,,
299,1763923167.626198,3,2.5733333333333333,5,21.426651291594315,772.0,9.0,772,,
300,1763923167.67315,3,2.574750830564784,5,21.426651291594315,775.0,9.0,775,,
301,1763923167.7172165,3,2.576158940397351,5,21.426651291594315,778.0,9.0,778,,
302,1763923167.7649298,3,2.5775577557755778,5,21.426651291594315,781.0,9.0,781,,
303,1763923167.8109553,4,2.5822368421052633,5,21.426651291594315,785.0,9.0,785,,
304,1763923167.8551912,4,2.586885245901639,5,21.426651291594315,789.0,9.0,789,,
305,1763923167.9102213,4,2.5915032679738563,5,21.426651291594315,793.0,9.0,793,,
306,1763923167.965219,3,2.592833876221498,5,20.886426798457013,796.0,9.0,796,,
307,1763923168.0100698,3,2.594155844155844,5,20.886426798457013,799.0,9.0,799,,
308,1763923168.055905,3,2.5954692556634305,5,20.886426798457013,802.0,9.0,802,,
309,1763923168.1019368,3,2.596774193548387,5,20.886426798457013,805.0,9.0,805,,
310,1763923168.1502702,3,2.598070739549839,5,20.886426798457013,808.0,9.0,808,,
311,1763923168.1973078,3,2.5993589743589745,5,20.886426798457013,811.0,9.0,811,,
312,1763923168.2453814,3,2.6006389776357826,5,20.886426798457013,814.0,9.0,814,,
313,1763923168.2947514,3,2.6019108280254777,5,20.886426798457013,817.0,9.0,817,,
314,1763923168.3378623,3,2.6031746031746033,5,20.886426798457013,820.0,9.0,820,,
315,1763923168.3846397,3,2.6044303797468356,5,20.886426798457013,823.0,9.0,823,,
316,1763923168.430146,3,2.6056782334384856,5,20.886426798457013,826.0,9.0,826,,
317,1763923168.4750113,3,2.606918238993711,5,21.5533024138846,829.0,9.0,829,,
318,1763923168.5217435,3,2.6081504702194356,5,21.5533024138846,832.0,9.0,832,,
319,1763923168.5689309,3,2.609375,5,21.5533024138846,835.0,9.0,835,,
320,1763923168.6169834,3,2.6105919003115265,5,21.5533024138846,838.0,9.0,838,,
321,1763923168.665091,3,2.611801242236025,5,21.5533024138846,841.0,9.0,841,,
322,1763923168.7132907,3,2.613003095975232,5,21.5533024138846,844.0,9.0,844,,
323,1763923168.7563863,3,2.6141975308641974,5,21.5533024138846,847.0,9.0,847,,
324,1763923168.8031056,3,2.6153846153846154,5,21.5533024138846,850.0,9.0,850,,
325,1763923168.849172,3,2.6165644171779143,5,21.5533024138846,853.0,9.0,853,,
326,1763923168.8957353,3,2.617737003058104,5,21.5533024138846,856.0,9.0,856,,
327,1763923168.9416814,3,2.6189024390243905,5,21.5533024138846,859.0,9.0,859,,
328,1763923168.9876833,3,2.6200607902735564,5,21.47579109843777,862.0,9.0,862,,
329,1763923169.0344791,3,2.621212121212121,5,21.47579109843777,865.0,9.0,865,,
330,1763923169.0829127,3,2.622356495468278,5,21.47579109843777,868.0,9.0,868,,
331,1763923169.126716,3,2.6234939759036147,5,21.47579109843777,871.0,9.0,871,,
332,1763923169.1704106,3,2.6246246246246248,5,21.47579109843777,874.0,9.0,874,,
333,1763923169.219583,3,2.625748502994012,5,21.47579109843777,877.0,9.0,877,,
334,1763923169.266506,3,2.626865671641791,5,21.47579109843777,880.0,9.0,880,,
335,1763923169.312411,3,2.6279761904761907,5,21.47579109843777,883.0,9.0,883,,
336,1763923169.3598177,3,2.629080118694362,5,21.47579109843777,886.0,9.0,886,,
337,1763923169.4039044,3,2.6301775147928996,5,21.47579109843777,889.0,9.0,889,,
338,1763923169.4561715,3,2.631268436578171,5,21.47579109843777,892.0,9.0,892,,
339,1763923169.4991076,3,2.6323529411764706,5,21.50397804547696,895.0,9.0,895,,
340,1763923169.5452693,3,2.633431085043988,5,21.50397804547696,898.0,9.0,898,,
341,1763923169.5901196,3,2.634502923976608,5,21.50397804547696,901.0,9.0,901,,
342,1763923169.6377094,3,2.6355685131195337,5,21.50397804547696,904.0,9.0,904,,
343,1763923169.684228,3,2.636627906976744,5,21.50397804547696,907.0,9.0,907,,
344,1763923169.730982,3,2.63768115942029,5,21.50397804547696,910.0,9.0,910,,
345,1763923169.7780097,3,2.638728323699422,5,21.50397804547696,913.0,9.0,913,,
346,1763923169.824741,3,2.639769452449568,5,21.50397804547696,916.0,9.0,916,,
347,1763923169.87218,3,2.6408045977011496,5,21.50397804547696,919.0,9.0,919,,
348,1763923169.920244,3,2.641833810888252,5,21.50397804547696,922.0,9.0,922,,
349,1763923169.9624808,3,2.642857142857143,5,21.50397804547696,925.0,9.0,925,,
350,1763923170.018279,3,2.6438746438746437,5,21.199725407775887,928.0,9.0,928,,
351,1763923170.0596278,3,2.6448863636363638,5,21.199725407775887,931.0,9.0,931,,
352,1763923170.1061609,3,2.6458923512747874,5,21.199725407775887,934.0,9.0,934,,
353,1763923170.1512296,3,2.646892655367232,5,21.199725407775887,937.0,9.0,937,,
354,1763923170.199522,3,2.647887323943662,5,21.199725407775887,940.0,9.0,940,,
355,1763923170.244872,3,2.648876404494382,5,21.199725407775887,943.0,9.0,943,,
356,1763923170.2915847,3,2.649859943977591,5,21.199725407775887,946.0,9.0,946,,
357,1763923170.3391209,3,2.6508379888268156,5,21.199725407775887,949.0,9.0,949,,
358,1763923170.3839166,3,2.651810584958217,5,21.199725407775887,952.0,9.0,952,,
359,1763923170.4299147,3,2.6527777777777777,5,21.199725407775887,955.0,9.0,955,,
360,1763923170.4753017,3,2.6537396121883656,5,21.199725407775887,958.0,9.0,958,,
361,1763923170.5282893,3,2.654696132596685,5,21.576979862664484,961.0,9.0,961,,
362,1763923170.5700173,3,2.6556473829201104,5,21.576979862664484,964.0,9.0,964,,
363,1763923170.61555,3,2.6565934065934065,5,21.576979862664484,967.0,9.0,967,,
364,1763923170.6648617,3,2.6575342465753424,5,21.576979862664484,970.0,9.0,970,,
365,1763923170.7078083,3,2.658469945355191,5,21.576979862664484,973.0,9.0,973,,
366,1763923170.7548935,3,2.6594005449591283,5,21.576979862664484,976.0,9.0,976,,
367,1763923170.8028533,3,2.660326086956522,5,21.576979862664484,979.0,9.0,979,,
368,1763923170.8485034,3,2.6612466124661247,5,21.576979862664484,982.0,9.0,982,,
369,1763923170.9020486,4,2.6648648648648647,5,21.576979862664484,986.0,9.0,986,,
370,1763923170.9543097,3,2.665768194070081,5,21.576979862664484,989.0,9.0,989,,
371,1763923171.0046902,3,2.6666666666666665,5,21.576979862664484,992.0,9.0,992,,
372,1763923171.0504687,3,2.6675603217158175,5,21.055521961936325,995.0,9.0,995,,
373,1763923171.0959716,3,2.6684491978609626,5,21.055521961936325,998.0,9.0,998,,
374,1763923171.1442363,3,2.6693333333333333,5,21.055521961936325,1001.0,9.0,1001,,
375,1763923171.1892068,4,2.672872340425532,5,21.055521961936325,1005.0,9.0,1005,,
376,1763923171.2384617,3,2.673740053050398,5,21.055521961936325,1008.0,9.0,1008,,
377,1763923171.2837276,3,2.6746031746031744,5,21.055521961936325,1011.0,9.0,1011,,
378,1763923171.3317494,3,2.6754617414248023,5,21.055521961936325,1014.0,9.0,1014,,
379,1763923171.3785398,3,2.6763157894736844,5,21.055521961936325,1017.0,9.0,1017,,
380,1763923171.4239025,3,2.677165354330709,5,21.055521961936325,1020.0,9.0,1020,,
381,1763923171.4709086,3,2.6780104712041886,5,21.055521961936325,1023.0,9.0,1023,,
382,1763923171.517895,3,2.6788511749347257,5,21.055521961936325,1026.0,9.0,1026,,
383,1763923171.5639248,3,2.6796875,5,21.408665486817647,1029.0,9.0,1029,,
384,1763923171.6162343,3,2.6805194805194805,5,21.408665486817647,1032.0,9.0,1032,,
385,1763923171.6599548,3,2.6813471502590676,5,21.408665486817647,1035.0,9.0,1035,,
386,1763923171.7092133,3,2.682170542635659,5,21.408665486817647,1038.0,9.0,1038,,
387,1763923171.7512712,3,2.6829896907216493,5,21.408665486817647,1041.0,9.0,1041,,
388,1763923171.7977555,3,2.683804627249357,5,21.408665486817647,1044.0,9.0,1044,,
389,1763923171.8443651,3,2.6846153846153844,5,21.408665486817647,1047.0,9.0,1047,,
390,1763923171.888518,3,2.6854219948849103,5,21.408665486817647,1050.0,9.0,1050,,
391,1763923171.9344535,3,2.686224489795918,5,21.408665486817647,1053.0,9.0,1053,,
392,1763923171.9806783,3,2.687022900763359,5,21.408665486817647,1056.0,9.0,1056,,
393,1763923172.0282304,3,2.6878172588832485,5,21.408665486817647,1059.0,9.0,1059,,
394,1763923172.075832,3,2.688607594936709,5,21.498967859662464,1062.0,9.0,1062,,
395,1763923172.121897,3,2.6893939393939394,5,21.498967859662464,1065.0,9.0,1065,,
396,1763923172.1659973,3,2.690176322418136,5,21.498967859662464,1068.0,9.0,1068,,
397,1763923172.2136047,3,2.690954773869347,5,21.498967859662464,1071.0,9.0,1071,,
398,1763923172.2591212,3,2.691729323308271,5,21.498967859662464,1074.0,9.0,1074,,
399,1763923172.3062084,4,2.695,5,21.498967859662464,1078.0,9.0,1078,,
400,1763923172.3515537,3,2.6957605985037407,5,21.498967859662464,1081.0,9.0,1081,,
401,1763923172.398575,3,2.6965174129353233,5,21.498967859662464,1084.0,9.0,1084,,
402,1763923172.4453852,3,2.69727047146402,5,21.498967859662464,1087.0,9.0,1087,,
403,1763923172.4901316,2,2.6955445544554455,5,21.498967859662464,1089.0,9.0,1089,,
404,1763923172.540756,2,2.6938271604938273,5,21.498967859662464,1091.0,9.0,1091,,
405,1763923172.5820298,2,2.6921182266009853,5,21.726168590458396,1093.0,9.0,1093,,
406,1763923172.6305382,2,2.6904176904176906,5,21.726168590458396,1095.0,9.0,1095,,
407,1763923172.6770353,3,2.6911764705882355,5,21.726168590458396,1098.0,9.0,1098,,
408,1763923172.7237797,3,2.6919315403422983,5,21.726168590458396,1101.0,9.0,1101,,
409,1763923172.7688036,4,2.6951219512195124,5,21.726168590458396,1105.0,9.0,1105,,
410,1763923172.8154092,3,2.6958637469586373,5,21.726168590458396,1108.0,9.0,1108,,
411,1763923172.8608284,4,2.6990291262135924,5,21.726168590458396,1112.0,9.0,1112,,
412,1763923172.9087012,4,2.7021791767554477,5,21.726168590458396,1116.0,9.0,1116,,
413,1763923172.9532895,4,2.7053140096618358,5,21.726168590458396,1120.0,9.0,1120,,
414,1763923173.0033455,4,2.708433734939759,5,21.726168590458396,1124.0,9.0,1124,,
415,1763923173.0483427,4,2.7115384615384617,5,21.726168590458396,1128.0,9.0,1128,,
416,1763923173.0942047,4,2.7146282973621103,5,21.472312897625994,1132.0,9.0,1132,,
417,1763923173.1437747,3,2.715311004784689,5,21.472312897625994,1135.0,9.0,1135,,
418,1763923173.1853323,3,2.7159904534606207,5,21.472312897625994,1138.0,9.0,1138,,
419,1763923173.23283,3,2.716666666666667,5,21.472312897625994,1141.0,9.0,1141,,
420,1763923173.2812905,4,2.7197149643705463,5,21.472312897625994,1145.0,9.0,1145,,
421,1763923173.3257558,4,2.7227488151658767,5,21.472312897625994,1149.0,9.0,1149,,
422,1763923173.37306,3,2.723404255319149,5,21.472312897625994,1152.0,9.0,1152,,
423,1763923173.4204836,3,2.724056603773585,5,21.472312897625994,1155.0,9.0,1155,,
424,1763923173.465585,3,2.724705882352941,5,21.472312897625994,1158.0,9.0,1158,,
425,1763923173.51271,3,2.7253521126760565,5,21.472312897625994,1161.0,9.0,1161,,
426,1763923173.5579545,4,2.728337236533958,5,21.472312897625994,1165.0,9.0,1165,,
427,1763923173.6047554,3,2.7289719626168223,5,21.551621065750243,1168.0,9.0,1168,,
428,1763923173.6494076,3,2.7296037296037294,5,21.551621065750243,1171.0,9.0,1171,,
429,1763923173.6991894,3,2.730232558139535,5,21.551621065750243,1174.0,9.0,1174,,
430,1763923173.7468941,3,2.730858468677494,5,21.551621065750243,1177.0,9.0,1177,,
431,1763923173.7918043,3,2.7314814814814814,5,21.551621065750243,1180.0,9.0,1180,,
432,1763923173.8378236,3,2.7321016166281753,5,21.551621065750243,1183.0,9.0,1183,,
433,1763923173.8852773,3,2.7327188940092166,5,21.551621065750243,1186.0,9.0,1186,,
434,1763923173.9314756,3,2.7333333333333334,5,21.551621065750243,1189.0,9.0,1189,,
435,1763923173.9790184,3,2.7339449541284404,5,21.551621065750243,1192.0,9.0,1192,,
436,1763923174.0267766,3,2.734553775743707,5,21.551621065750243,1195.0,9.0,1195,,
437,1763923174.0730386,3,2.7351598173515983,5,21.551621065750243,1198.0,9.0,1198,,
438,1763923174.1212294,3,2.735763097949886,5,21.292494678877404,1201.0,9.0,1201,,
439,1763923174.167433,3,2.7363636363636363,5,21.292494678877404,1204.0,9.0,1204,,
440,1763923174.2150798,3,2.7369614512471654,5,21.292494678877404,1207.0,9.0,1207,,
441,1763923174.263444,3,2.737556561085973,5,21.292494678877404,1210.0,9.0,1210,,
442,1763923174.305124,3,2.7381489841986455,5,21.292494678877404,1213.0,9.0,1213,,
443,1763923174.3537142,3,2.7387387387387387,5,21.292494678877404,1216.0,9.0,1216,,
444,1763923174.4007776,3,2.7393258426966294,5,21.292494678877404,1219.0,9.0,1219,,
445,1763923174.4509845,3,2.7399103139013454,5,21.292494678877404,1222.0,9.0,1222,,
446,1763923174.4977245,3,2.7404921700223714,5,21.292494678877404,1225.0,9.0,1225,,
447,1763923174.539136,4,2.7433035714285716,5,21.292494678877404,1229.0,9.0,1229,,
448,1763923174.5864413,3,2.7438752783964366,5,21.292494678877404,1232.0,9.0,1232,,
449,1763923174.6353893,3,2.7444444444444445,5,21.39720772161808,1235.0,9.0,1235,,
450,1763923174.6824243,3,2.745011086474501,5,21.39720772161808,1238.0,9.0,1238,,
451,1763923174.731339,3,2.745575221238938,5,21.39720772161808,1241.0,9.0,1241,,
452,1763923174.7764206,3,2.746136865342163,5,21.39720772161808,1244.0,9.0,1244,,
453,1763923174.8210328,3,2.746696035242291,5,21.39720772161808,1247.0,9.0,1247,,
454,1763923174.8679383,3,2.7472527472527473,5,21.39720772161808,1250.0,9.0,1250,,
455,1763923174.9142702,3,2.7478070175438596,5,21.39720772161808,1253.0,9.0,1253,,
456,1763923174.9625926,4,2.75054704595186,5,21.39720772161808,1257.0,9.0,1257,,
457,1763923175.0076272,4,2.7532751091703056,5,21.39720772161808,1261.0,9.0,1261,,
458,1763923175.0546634,4,2.75599128540305,5,21.39720772161808,1265.0,9.0,1265,,
459,1763923175.0998783,3,2.756521739130435,5,21.39720772161808,1268.0,9.0,1268,,
460,1763923175.149142,3,2.75704989154013,5,21.420951026119837,1271.0,9.0,1271,,
461,1763923175.1978462,4,2.75974025974026,5,21.420951026119837,1275.0,9.0,1275,,
462,1763923175.2417028,3,2.760259179265659,5,21.420951026119837,1278.0,9.0,1278,,
463,1763923175.2862878,2,2.7586206896551726,5,21.420951026119837,1280.0,9.0,1280,,
464,1763923175.337038,5,2.763440860215054,5,21.420951026119837,1285.0,9.0,1285,,
465,1763923175.3812382,5,2.7682403433476397,5,21.420951026119837,1290.0,9.0,1290,,
466,1763923175.427737,3,2.7687366167023555,5,21.420951026119837,1293.0,9.0,1293,,
467,1763923175.466175,2,2.767094017094017,5,21.420951026119837,1295.0,9.0,1295,,
468,1763923175.5210278,4,2.769722814498934,5,21.420951026119837,1299.0,9.0,1299,,
469,1763923175.5652814,2,2.7680851063829786,5,21.420951026119837,1301.0,9.0,1301,,
470,1763923175.6124856,2,2.7664543524416136,5,21.420951026119837,1303.0,9.0,1303,,
471,1763923175.6583583,1,2.76271186440678,5,21.62458238812126,1304.0,9.0,1304,,
472,1763923175.7027524,0,2.7568710359408035,5,21.62458238812126,1304.0,9.0,1304,,
473,1763923175.7515447,0,2.7510548523206753,5,21.62458238812126,1304.0,9.0,1304,,
474,1763923175.7945037,0,2.745263157894737,5,21.62458238812126,1304.0,9.0,1304,,
475,1763923175.8418286,0,2.7394957983193278,5,21.62458238812126,1304.0,9.0,1304,,
476,1763923175.8877938,0,2.7337526205450735,5,21.62458238812126,1304.0,9.0,1304,,
477,1763923175.9339917,0,2.728033472803347,5,21.62458238812126,1304.0,9.0,1304,,
478,1763923175.9794285,0,2.722338204592902,5,21.62458238812126,1304.0,9.0,1304,,
479,1763923176.027217,0,2.716666666666667,5,21.62458238812126,1304.0,9.0,1304,,
480,1763923176.0665674,0,2.711018711018711,5,21.62458238812126,1304.0,9.0,1304,,
481,1763923176.1045566,1,2.70746887966805,5,21.62458238812126,1305.0,9.0,1305,,
482,1763923176.148786,0,2.701863354037267,5,21.62458238812126,1305.0,9.0,1305,,
483,1763923176.196136,0,2.696280991735537,5,22.288432005016393,1305.0,9.0,1305,,
484,1763923176.2438536,0,2.6907216494845363,5,22.288432005016393,1305.0,9.0,1305,,
485,1763923176.289772,0,2.685185185185185,5,22.288432005016393,1305.0,9.0,1305,,
486,1763923176.3382115,0,2.679671457905544,5,22.288432005016393,1305.0,9.0,1305,,
487,1763923176.3839986,0,2.6741803278688523,5,22.288432005016393,1305.0,9.0,1305,,
488,1763923176.4336274,0,2.668711656441718,5,22.288432005016393,1305.0,9.0,1305,,
489,1763923176.479535,0,2.663265306122449,5,22.288432005016393,1305.0,9.0,1305,,
490,1763923176.5264714,0,2.6578411405295315,5,22.288432005016393,1305.0,9.0,1305,,
491,1763923176.5699148,0,2.652439024390244,5,22.288432005016393,1305.0,9.0,1305,,
492,1763923176.6175675,0,2.6470588235294117,5,22.288432005016393,1305.0,9.0,1305,,
493,1763923176.6632502,0,2.6417004048582995,5,22.288432005016393,1305.0,9.0,1305,,
494,1763923176.7092016,0,2.6363636363636362,5,21.471403553921967,1305.0,9.0,1305,,
495,1763923176.7603261,0,2.631048387096774,5,21.471403553921967,1305.0,9.0,1305,,
496,1763923176.8047912,0,2.625754527162978,5,21.471403553921967,1305.0,9.0,1305,,
497,1763923176.8534439,0,2.6204819277108435,5,21.471403553921967,1305.0,9.0,1305,,
498,1763923176.8957498,0,2.6152304609218437,5,21.471403553921967,1305.0,9.0,1305,,
499,1763923176.9421577,1,2.612,5,21.471403553921967,1306.0,9.0,1306,,
500,1763923176.988514,1,2.6087824351297404,5,21.471403553921967,1307.0,9.0,1307,,
501,1763923177.036136,1,2.605577689243028,5,21.471403553921967,1308.0,9.0,1308,,
502,1763923177.0827007,1,2.6023856858846917,5,21.471403553921967,1309.0,9.0,1309,,
503,1763923177.1292188,1,2.5992063492063493,5,21.471403553921967,1310.0,9.0,1310,,
504,1763923177.179373,1,2.596039603960396,5,21.471403553921967,1311.0,9.0,1311,,
505,1763923177.221835,1,2.5928853754940713,5,21.407274809323233,1312.0,9.0,1312,,
506,1763923177.2694302,1,2.58974358974359,5,21.407274809323233,1313.0,9.0,1313,,
507,1763923177.3168814,1,2.5866141732283463,5,21.407274809323233,1314.0,9.0,1314,,
508,1763923177.3654716,1,2.583497053045187,5,21.407274809323233,1315.0,9.0,1315,,
509,1763923177.4124448,1,2.5803921568627453,5,21.407274809323233,1316.0,10.0,1316,,
510,1763923177.4585295,1,2.5772994129158513,5,21.407274809323233,1317.0,11.0,1317,,
511,1763923177.505754,1,2.57421875,5,21.407274809323233,1318.0,12.0,1318,,
512,1763923177.552074,1,2.5711500974658867,5,21.407274809323233,1319.0,13.0,1319,,
513,1763923177.600267,1,2.568093385214008,5,21.407274809323233,1320.0,14.0,1320,,
514,1763923177.643758,0,2.563106796116505,5,21.407274809323233,1320.0,14.0,1320,,
515,1763923177.6909187,0,2.558139534883721,5,21.407274809323233,1320.0,14.0,1320,,
516,1763923177.7368944,0,2.5531914893617023,5,21.407731726284492,1320.0,14.0,1320,,
517,1763923177.784985,0,2.548262548262548,5,21.407731726284492,1320.0,14.0,1320,,
518,1763923177.8312147,0,2.5433526011560694,5,21.407731726284492,1320.0,14.0,1320,,
519,1763923177.876986,0,2.5384615384615383,5,21.407731726284492,1320.0,14.0,1320,,
520,1763923177.9229584,0,2.5335892514395395,5,21.407731726284492,1320.0,14.0,1320,,
521,1763923177.9689794,0,2.528735632183908,5,21.407731726284492,1320.0,14.0,1320,,
522,1763923178.0161781,0,2.5239005736137665,5,21.407731726284492,1320.0,14.0,1320,,
523,1763923178.0623016,0,2.519083969465649,5,21.407731726284492,1320.0,14.0,1320,,
524,1763923178.109076,0,2.5142857142857142,5,21.407731726284492,1320.0,14.0,1320,,
525,1763923178.1564462,0,2.5095057034220534,5,21.407731726284492,1320.0,14.0,1320,,
526,1763923178.2018502,0,2.504743833017078,5,21.407731726284492,1320.0,14.0,1320,,
527,1763923178.249812,0,2.5,5,21.39023382716679,1320.0,14.0,1320,,
528,1763923178.2954364,0,2.495274102079395,5,21.39023382716679,1320.0,14.0,1320,,
529,1763923178.34266,0,2.490566037735849,5,21.39023382716679,1320.0,14.0,1320,,
530,1763923178.3861322,0,2.4858757062146895,5,21.39023382716679,1320.0,14.0,1320,,
531,1763923178.435497,0,2.481203007518797,5,21.39023382716679,1320.0,14.0,1320,,
532,1763923178.4814386,0,2.476547842401501,5,21.39023382716679,1320.0,14.0,1320,,
533,1763923178.5271623,0,2.4719101123595504,5,21.39023382716679,1320.0,14.0,1320,,
534,1763923178.5741708,0,2.467289719626168,5,21.39023382716679,1320.0,14.0,1320,,
535,1763923178.618146,0,2.462686567164179,5,21.39023382716679,1320.0,14.0,1320,,
536,1763923178.6665618,0,2.458100558659218,5,21.39023382716679,1320.0,14.0,1320,,
537,1763923178.713379,0,2.453531598513011,5,21.39023382716679,1320.0,14.0,1320,,
538,1763923178.7576382,0,2.4489795918367347,5,21.66733698076878,1320.0,14.0,1320,,
539,1763923178.8081944,0,2.4444444444444446,5,21.66733698076878,1320.0,14.0,1320,,
540,1763923178.852924,0,2.43992606284658,5,21.66733698076878,1320.0,14.0,1320,,
541,1763923178.8979068,0,2.4354243542435423,5,21.66733698076878,1320.0,14.0,1320,,
542,1763923178.9434576,0,2.430939226519337,5,21.66733698076878,1320.0,14.0,1320,,
543,1763923178.9901497,0,2.426470588235294,5,21.66733698076878,1320.0,14.0,1320,,
544,1763923179.0358021,0,2.4220183486238533,5,21.66733698076878,1320.0,14.0,1320,,
545,1763923179.081169,0,2.4175824175824174,5,21.66733698076878,1320.0,14.0,1320,,
546,1763923179.1275687,0,2.413162705667276,5,21.66733698076878,1320.0,14.0,1320,,
547,1763923179.1751523,0,2.408759124087591,5,21.66733698076878,1320.0,14.0,1320,,
548,1763923179.2198691,0,2.4043715846994536,5,21.66733698076878,1320.0,14.0,1320,,
549,1763923179.2663732,0,2.4,5,21.668405467665767,1320.0,14.0,1320,,
550,1763923179.312038,0,2.395644283121597,5,21.668405467665767,1320.0,14.0,1320,,
551,1763923179.3594248,0,2.391304347826087,5,21.668405467665767,1320.0,14.0,1320,,
552,1763923179.4072855,0,2.386980108499096,5,21.668405467665767,1320.0,14.0,1320,,
553,1763923179.4537425,0,2.3826714801444044,5,21.668405467665767,1320.0,14.0,1320,,
554,1763923179.5004292,0,2.3783783783783785,5,21.668405467665767,1320.0,14.0,1320,,
555,1763923179.5433629,0,2.3741007194244603,5,21.668405467665767,1320.0,14.0,1320,,
556,1763923179.5915813,0,2.36983842010772,5,21.668405467665767,1320.0,14.0,1320,,
557,1763923179.635177,0,2.3655913978494625,5,21.668405467665767,1320.0,14.0,1320,,
558,1763923179.6839283,0,2.361359570661896,5,21.668405467665767,1320.0,14.0,1320,,
559,1763923179.7315981,0,2.357142857142857,5,21.668405467665767,1320.0,14.0,1320,,
560,1763923179.777252,0,2.3529411764705883,5,21.50273530165684,1320.0,14.0,1320,,
561,1763923179.826287,0,2.3487544483985765,5,21.50273530165684,1320.0,14.0,1320,,
562,1763923179.8730972,0,2.3445825932504443,5,21.50273530165684,1320.0,14.0,1320,,
563,1763923179.9175992,0,2.3404255319148937,5,21.50273530165684,1320.0,14.0,1320,,
564,1763923179.964613,0,2.336283185840708,5,21.50273530165684,1320.0,14.0,1320,,
565,1763923180.0098712,0,2.3321554770318023,5,21.50273530165684,1320.0,14.0,1320,,
566,1763923180.058429,0,2.328042328042328,5,21.50273530165684,1320.0,14.0,1320,,
567,1763923180.102417,0,2.323943661971831,5,21.50273530165684,1320.0,14.0,1320,,
568,1763923180.148484,0,2.319859402460457,5,21.50273530165684,1320.0,14.0,1320,,
569,1763923180.1966484,0,2.3157894736842106,5,21.50273530165684,1320.0,14.0,1320,,
570,1763923180.2434716,0,2.3117338003502628,5,21.50273530165684,1320.0,14.0,1320,,
571,1763923180.2893214,0,2.3076923076923075,5,21.456615054351516,1320.0,14.0,1320,,
572,1763923180.3364127,0,2.303664921465969,5,21.456615054351516,1320.0,14.0,1320,,
573,1763923180.3833418,0,2.299651567944251,5,21.456615054351516,1320.0,14.0,1320,,
574,1763923180.4288743,0,2.2956521739130435,5,21.456615054351516,1320.0,14.0,1320,,
575,1763923180.4755905,0,2.2916666666666665,5,21.456615054351516,1320.0,14.0,1320,,
576,1763923180.521405,0,2.287694974003466,5,21.456615054351516,1320.0,14.0,1320,,
577,1763923180.5689075,0,2.283737024221453,5,21.456615054351516,1320.0,14.0,1320,,
578,1763923180.6139245,0,2.2797927461139897,5,21.456615054351516,1320.0,14.0,1320,,
579,1763923180.662716,0,2.2758620689655173,5,21.456615054351516,1320.0,14.0,1320,,
580,1763923180.7090843,0,2.2719449225473323,5,21.456615054351516,1320.0,14.0,1320,,
581,1763923180.7559588,0,2.268041237113402,5,21.456615054351516,1320.0,14.0,1320,,
582,1763923180.8036883,0,2.2641509433962264,5,21.396949715664825,1320.0,14.0,1320,,
583,1763923180.8504941,0,2.26027397260274,5,21.396949715664825,1320.0,14.0,1320,,
584,1763923180.8980503,0,2.2564102564102564,5,21.396949715664825,1320.0,14.0,1320,,
585,1763923180.9413602,0,2.2525597269624575,5,21.396949715664825,1320.0,14.0,1320,,
586,1763923180.9774048,0,2.2487223168654173,5,21.396949715664825,1320.0,14.0,1320,,
587,1763923181.0207033,0,2.2448979591836733,5,21.396949715664825,1320.0,14.0,1320,,
588,1763923181.0696547,0,2.2410865874363326,5,21.396949715664825,1320.0,14.0,1320,,
589,1763923181.1132889,0,2.23728813559322,5,21.396949715664825,1320.0,14.0,1320,,
590,1763923181.1589363,0,2.233502538071066,5,21.396949715664825,1320.0,14.0,1320,,
591,1763923181.205225,0,2.22972972972973,5,21.396949715664825,1320.0,14.0,1320,,
592,1763923181.2414644,0,2.2259696458684655,5,21.396949715664825,1320.0,14.0,1320,,
593,1763923181.2767828,0,2.2222222222222223,5,21.396949715664825,1320.0,14.0,1320,,
594,1763923181.312814,0,2.2184873949579833,5,23.585998445146426,1320.0,14.0,1320,,
595,1763923181.361423,0,2.214765100671141,5,23.585998445146426,1320.0,14.0,1320,,
596,1763923181.3972492,0,2.2110552763819094,5,23.585998445146426,1320.0,14.0,1320,,
597,1763923181.4320824,0,2.2073578595317724,5,23.585998445146426,1320.0,14.0,1320,,
598,1763923181.4725509,0,2.2036727879799667,5,23.585998445146426,1320.0,14.0,1320,,
599,1763923181.5074072,0,2.2,5,23.585998445146426,1320.0,14.0,1320,,
600,1763923181.5439775,0,2.196339434276206,5,23.585998445146426,1320.0,14.0,1320,,
601,1763923181.5785613,0,2.1926910299003324,5,23.585998445146426,1320.0,14.0,1320,,
602,1763923181.6264877,0,2.189054726368159,5,23.585998445146426,1320.0,14.0,1320,,
603,1763923181.6742458,0,2.185430463576159,5,23.585998445146426,1320.0,14.0,1320,,
604,1763923181.7209063,0,2.1818181818181817,5,23.585998445146426,1320.0,14.0,1320,,
605,1763923181.768879,0,2.1782178217821784,5,23.585998445146426,1320.0,14.0,1320,,
606,1763923181.804577,0,2.1746293245469523,5,23.585998445146426,1320.0,14.0,1320,,
607,1763923181.844638,0,2.1710526315789473,5,24.449137042362967,1320.0,14.0,1320,,
608,1763923181.892729,0,2.167487684729064,5,24.449137042362967,1320.0,14.0,1320,,
609,1763923181.938406,0,2.1639344262295084,5,24.449137042362967,1320.0,14.0,1320,,
610,1763923181.9757543,0,2.1603927986906712,5,24.449137042362967,1320.0,14.0,1320,,
611,1763923182.0170703,0,2.156862745098039,5,24.449137042362967,1320.0,14.0,1320,,
612,1763923182.0528193,0,2.1533442088091355,5,24.449137042362967,1320.0,14.0,1320,,
613,1763923182.0932858,0,2.1498371335504887,5,24.449137042362967,1320.0,14.0,1320,,
